,program,input_size,real_time,cpu_time,energy,cycles,instructions
0,sobel_sequential,512,0.00248,0.00247,0.01721,27272106.000000,40665205.000000
1,sobel_sequential,512,0.00253,0.00253,0.0285,28622691.000000,40664109.000000
2,sobel_sequential,512,0.00246,0.00245,0.02496,28185222.000000,40669018.000000
3,sobel_sequential,512,0.00248,0.00248,0.02618,28074171.000000,40691688.000000
4,sobel_sequential,512,0.00247,0.00247,0.02496,30318639.000000,40723737.000000
5,sobel_sequential,512,0.0024,0.0024,0.02533,25967117.000000,40737534.000000
6,sobel_sequential,512,0.00245,0.00244,0.02252,26091951.000000,40726748.000000
7,sobel_sequential,512,0.00249,0.00248,0.02649,28705689.000000,40694022.000000
8,sobel_sequential,512,0.00248,0.00248,0.02502,26734131.000000,40690070.000000
9,sobel_sequential,512,0.00242,0.0024,0.02325,27367353.000000,40728809.000000
10,sobel_sequential,512,0.00245,0.00245,0.01544,27761990.000000,40783389.000000
11,sobel_sequential,512,0.00247,0.00246,0.02338,27084357.000000,40652958.000000
12,sobel_sequential,512,0.00251,0.0025,0.02881,27878365.000000,40673991.000000
13,sobel_sequential,512,0.00246,0.00246,0.01593,27588671.000000,40667842.000000
14,sobel_sequential,512,0.00247,0.00247,0.02417,29584839.000000,40737514.000000
15,sobel_sequential,512,0.00248,0.00247,0.01764,27548389.000000,40909953.000000
16,sobel_sequential,512,0.00246,0.00246,0.01727,26189193.000000,40754747.000000
17,sobel_sequential,512,0.00246,0.00246,0.01538,31039984.000000,40741109.000000
18,sobel_sequential,512,0.00248,0.00247,0.02435,30206098.000000,40696070.000000
19,sobel_sequential,512,0.00247,0.00247,0.01678,27604791.000000,40670693.000000
20,sobel_sequential,1024,0.01046,0.01046,0.11975,99839957.000000,154199894.000000
21,sobel_sequential,1024,0.011,0.011,0.12207,105172597.000000,154261888.000000
22,sobel_sequential,1024,0.01098,0.01097,0.14942,104374688.000000,154481736.000000
23,sobel_sequential,1024,0.01109,0.01109,0.11401,100731173.000000,154198304.000000
24,sobel_sequential,1024,0.01187,0.01186,0.23065,110052520.000000,154399269.000000
25,sobel_sequential,1024,0.01043,0.01035,0.1134,103216485.000000,154784487.000000
26,sobel_sequential,1024,0.01071,0.0107,0.12512,100398056.000000,154190485.000000
27,sobel_sequential,1024,0.01097,0.01096,0.14148,100516992.000000,154208545.000000
28,sobel_sequential,1024,0.01093,0.01093,0.11621,101048537.000000,154225513.000000
29,sobel_sequential,1024,0.01071,0.01071,0.12146,101379969.000000,154418416.000000
30,sobel_sequential,1024,0.01099,0.01098,0.12555,106542371.000000,154694117.000000
31,sobel_sequential,1024,0.01112,0.01109,0.12964,101910102.000000,154744746.000000
32,sobel_sequential,1024,0.01086,0.01086,0.13837,102512505.000000,154342637.000000
33,sobel_sequential,1024,0.01107,0.01097,0.13501,101285070.000000,154745657.000000
34,sobel_sequential,1024,0.01527,0.01526,0.19806,113140532.000000,154250728.000000
35,sobel_sequential,1024,0.0108,0.01066,0.12274,102560187.000000,154163403.000000
36,sobel_sequential,1024,0.01106,0.01105,0.12237,101169624.000000,154192312.000000
37,sobel_sequential,1024,0.01071,0.0107,0.09503,108571913.000000,154549707.000000
38,sobel_sequential,1024,0.01052,0.01051,0.09576,101283381.000000,154146891.000000
39,sobel_sequential,1024,0.01071,0.0107,0.09595,100362130.000000,154205576.000000
40,sobel_sequential,2048,0.04261,0.0426,0.33764,385733147.000000,609118208.000000
41,sobel_sequential,2048,0.04201,0.042,0.34949,382541124.000000,608023843.000000
42,sobel_sequential,2048,0.03165,0.03163,0.50848,381606437.000000,608268535.000000
43,sobel_sequential,2048,0.03203,0.03203,0.51007,389461437.000000,608882943.000000
44,sobel_sequential,2048,0.03148,0.03148,0.51062,381073686.000000,607726705.000000
45,sobel_sequential,2048,0.0312,0.03119,0.5025,381944833.000000,607731186.000000
46,sobel_sequential,2048,0.03162,0.03162,0.51282,383000365.000000,607771992.000000
47,sobel_sequential,2048,0.03115,0.03115,0.49719,380807036.000000,607691879.000000
48,sobel_sequential,2048,0.03173,0.03171,0.52392,379486888.000000,608525718.000000
49,sobel_sequential,2048,0.03119,0.03119,0.51153,391488707.000000,607792509.000000
50,sobel_sequential,2048,0.04528,0.04526,1.53765,428526953.000000,609140933.000000
51,sobel_sequential,2048,0.03389,0.03389,1.04815,388957510.000000,608460013.000000
52,sobel_sequential,2048,0.03951,0.03951,0.40045,380679997.000000,607838406.000000
53,sobel_sequential,2048,0.04217,0.04215,0.33966,381632663.000000,608510874.000000
54,sobel_sequential,2048,0.04206,0.04205,0.33612,380412062.000000,607963053.000000
55,sobel_sequential,2048,0.04201,0.04197,0.33264,380162518.000000,607958759.000000
56,sobel_sequential,2048,0.04215,0.04214,0.32751,380717676.000000,608717154.000000
57,sobel_sequential,2048,0.04202,0.04201,0.33154,383370656.000000,607930478.000000
58,sobel_sequential,2048,0.04195,0.04192,0.33722,379998374.000000,608399971.000000
59,sobel_sequential,2048,0.04194,0.04194,0.32544,381947507.000000,607973071.000000
60,sobel_sequential,4096,0.16906,0.16903,1.47235,1524476326.000000,2426390895.000000
61,sobel_sequential,4096,0.13333,0.13311,2.36895,1521385664.000000,2423696723.000000
62,sobel_sequential,4096,0.12876,0.12874,2.09966,1521028115.000000,2424448093.000000
63,sobel_sequential,4096,0.12711,0.12702,2.0921,1517674279.000000,2424815651.000000
64,sobel_sequential,4096,0.1312,0.13115,2.06854,1527148570.000000,2425915519.000000
65,sobel_sequential,4096,0.16877,0.16875,1.32354,1517910271.000000,2426793470.000000
66,sobel_sequential,4096,0.16889,0.16886,1.30139,1518360321.000000,2427182764.000000
67,sobel_sequential,4096,0.16755,0.16753,1.32629,1512041492.000000,2423169629.000000
68,sobel_sequential,4096,0.16795,0.1679,1.36157,1518966910.000000,2424163093.000000
69,sobel_sequential,4096,0.16797,0.16789,1.33819,1518539956.000000,2428644524.000000
70,sobel_sequential,4096,0.12796,0.12792,2.05883,1523156973.000000,2427829297.000000
71,sobel_sequential,4096,0.13498,0.13489,2.42144,1515362230.000000,2427182630.000000
72,sobel_sequential,4096,0.12694,0.12691,1.93536,1509524764.000000,2421892876.000000
73,sobel_sequential,4096,0.12949,0.12942,1.98242,1520413604.000000,2427706185.000000
74,sobel_sequential,4096,0.12936,0.12933,1.98492,1515885599.000000,2422163709.000000
75,sobel_sequential,4096,0.16797,0.16794,1.32104,1511209110.000000,2425778358.000000
76,sobel_sequential,4096,0.16853,0.1685,1.32012,1515442128.000000,2425861147.000000
77,sobel_sequential,4096,0.16754,0.16745,1.30505,1511043813.000000,2424228923.000000
78,sobel_sequential,4096,0.16743,0.16739,1.30999,1510201789.000000,2422741544.000000
79,sobel_sequential,4096,0.16558,0.16555,1.3388,1515264995.000000,2424154316.000000
80,sobel_sequential,8192,0.67179,0.67164,5.29918,6057818323.000000,9713761425.000000
81,sobel_sequential,8192,0.51416,0.51406,8.42399,6102335045.000000,9715464020.000000
82,sobel_sequential,8192,0.67264,0.6725,5.24889,6067791163.000000,9711116923.000000
83,sobel_sequential,8192,0.51965,0.51939,7.63383,6042060578.000000,9717845063.000000
84,sobel_sequential,8192,0.63526,0.63505,5.61058,6029520595.000000,9711863045.000000
85,sobel_sequential,8192,0.6755,0.67517,5.25804,6075073505.000000,9712031609.000000
86,sobel_sequential,8192,0.67402,0.67385,5.22582,6088251435.000000,9724934519.000000
87,sobel_sequential,8192,0.51848,0.51836,8.17088,6105047330.000000,9710323031.000000
88,sobel_sequential,8192,0.67205,0.67193,5.26164,6061568509.000000,9718691993.000000
89,sobel_sequential,8192,0.59,0.58986,6.44206,6052760077.000000,9717010123.000000
90,sobel_sequential,8192,0.675,0.67491,5.22942,6084332989.000000,9712636361.000000
91,sobel_sequential,8192,0.52126,0.52117,8.0507,6094698610.000000,9711263798.000000
92,sobel_sequential,8192,0.66372,0.66348,5.23534,6034565222.000000,9713467548.000000
93,sobel_sequential,8192,0.52936,0.52928,7.42039,6036566742.000000,9719937372.000000
94,sobel_sequential,8192,0.67292,0.67284,5.22728,6054226976.000000,9709831490.000000
95,sobel_sequential,8192,0.63324,0.63313,5.58049,6190423977.000000,9727482256.000000
96,sobel_sequential,8192,0.50313,0.50293,7.93315,6044321646.000000,9711625651.000000
97,sobel_sequential,8192,0.6727,0.67239,5.20854,6079088950.000000,9717983907.000000
98,sobel_sequential,8192,0.50477,0.50472,8.26255,6085555787.000000,9709199616.000000
99,sobel_sequential,8192,0.52223,0.52208,8.20842,6086440308.000000,9716026601.000000
100,sobel_sequential,16384,2.37412,2.37342,25.27874,24002524591.000000,38967464387.000000
101,sobel_sequential,16384,2.46842,2.46776,24.18323,24096570475.000000,38929201686.000000
102,sobel_sequential,16384,2.46653,2.46611,24.46777,24147343747.000000,38927163715.000000
103,sobel_sequential,16384,2.19503,2.19443,28.10607,24050309240.000000,38936313628.000000
104,sobel_sequential,16384,2.47684,2.47622,24.54547,24220135545.000000,38933657339.000000
105,sobel_sequential,16384,2.30926,2.30868,26.77514,24139105234.000000,38940032076.000000
106,sobel_sequential,16384,2.50043,2.50006,24.13379,24106741952.000000,38938500345.000000
107,sobel_sequential,16384,2.46566,2.46497,23.71704,24075809540.000000,38922302903.000000
108,sobel_sequential,16384,2.42473,2.42415,24.28058,24049237896.000000,38914108381.000000
109,sobel_sequential,16384,2.50668,2.5059,28.7144,24378792877.000000,38916108002.000000
110,sobel_sequential,16384,2.4389,2.43842,25.30773,24139434996.000000,38923172271.000000
111,sobel_sequential,16384,2.37561,2.3751,26.16229,24167729858.000000,38931096272.000000
112,sobel_sequential,16384,2.46864,2.46797,23.76459,24111769984.000000,38941715721.000000
113,sobel_sequential,16384,2.35746,2.35707,26.6087,24190670246.000000,38912501758.000000
114,sobel_sequential,16384,2.13209,2.13152,30.03001,24032154883.000000,38909904061.000000
115,sobel_sequential,16384,2.33993,2.33936,26.1336,24086140550.000000,38924836202.000000
116,sobel_sequential,16384,2.08491,2.08432,30.6887,24104539523.000000,38912048813.000000
117,sobel_sequential,16384,2.39501,2.39437,25.13348,24108273092.000000,38920307284.000000
118,sobel_sequential,16384,2.53464,2.53408,22.51624,24046709762.000000,38907339000.000000
119,sobel_sequential,16384,2.33283,2.33229,27.26397,24146771898.000000,38922641484.000000
120,sobel_openmp,512,0.00142,0.00677,0.01575,55226804.000000,42836913.000000
121,sobel_openmp,512,0.00091,0.00369,0.00787,46503828.000000,42333324.000000
122,sobel_openmp,512,0.00807,0.0524,0.09784,179812762.000000,49233282.000000
123,sobel_openmp,512,0.00092,0.00491,0.00812,45201387.000000,42418918.000000
124,sobel_openmp,512,0.00093,0.00391,0.008,44247817.000000,42363577.000000
125,sobel_openmp,512,0.00092,0.00091,0.01178,44511494.000000,42376824.000000
126,sobel_openmp,512,0.00093,0.00276,0.00836,43405471.000000,42349101.000000
127,sobel_openmp,512,0.00092,0.00143,0.02051,43305323.000000,42360642.000000
128,sobel_openmp,512,0.00093,0.00164,0.01453,43526466.000000,42272935.000000
129,sobel_openmp,512,0.00091,0.0009,0.01147,46493163.000000,42379357.000000
130,sobel_openmp,512,0.0009,0.00094,0.01269,43792972.000000,42288917.000000
131,sobel_openmp,512,0.00093,0.00245,0.00879,44691116.000000,42278319.000000
132,sobel_openmp,512,0.00092,0.00248,0.00946,44564577.000000,42343822.000000
133,sobel_openmp,512,0.00093,0.00099,0.01349,42312813.000000,42218472.000000
134,sobel_openmp,512,0.00092,0.00378,0.008,43296879.000000,42361636.000000
135,sobel_openmp,512,0.00091,0.00455,0.00879,41980518.000000,42248927.000000
136,sobel_openmp,512,0.00091,0.0009,0.01147,47940622.000000,42410452.000000
137,sobel_openmp,512,0.00091,0.00445,0.00769,44635350.000000,42304382.000000
138,sobel_openmp,512,0.00092,0.0044,0.00824,43199529.000000,42326793.000000
139,sobel_openmp,512,0.00091,0.00107,0.01202,44246193.000000,42310079.000000
140,sobel_openmp,1024,0.00935,0.06398,0.14874,266455764.000000,162597729.000000
141,sobel_openmp,1024,0.00266,0.01773,0.04632,157965098.000000,156704074.000000
142,sobel_openmp,1024,0.00265,0.01529,0.05719,141624698.000000,156412057.000000
143,sobel_openmp,1024,0.00269,0.01435,0.05469,144497667.000000,156442363.000000
144,sobel_openmp,1024,0.00268,0.01362,0.052,141370678.000000,156401851.000000
145,sobel_openmp,1024,0.00264,0.01318,0.05206,142730629.000000,156642412.000000
146,sobel_openmp,1024,0.00282,0.0143,0.05676,148055737.000000,156674899.000000
147,sobel_openmp,1024,0.00266,0.01947,0.052,142425142.000000,156386235.000000
148,sobel_openmp,1024,0.00267,0.01415,0.05524,141213325.000000,156415908.000000
149,sobel_openmp,1024,0.00266,0.01757,0.04712,150436809.000000,156551160.000000
150,sobel_openmp,1024,0.00266,0.01704,0.03723,143805416.000000,156466117.000000
151,sobel_openmp,1024,0.00429,0.02863,0.08191,184062179.000000,157968760.000000
152,sobel_openmp,1024,0.00265,0.01865,0.04865,146336774.000000,156398617.000000
153,sobel_openmp,1024,0.01441,0.0774,0.26514,302276328.000000,164275315.000000
154,sobel_openmp,1024,0.00266,0.01343,0.05255,147582282.000000,156737167.000000
155,sobel_openmp,1024,0.00264,0.01515,0.05737,141494808.000000,156335196.000000
156,sobel_openmp,1024,0.00269,0.016,0.05884,142000773.000000,156337612.000000
157,sobel_openmp,1024,0.00266,0.01331,0.05231,143994531.000000,156418206.000000
158,sobel_openmp,1024,0.00266,0.01412,0.05444,141711135.000000,156308413.000000
159,sobel_openmp,1024,0.00266,0.01408,0.05426,143462758.000000,156592345.000000
160,sobel_openmp,2048,0.00951,0.07039,0.22046,535710210.000000,612265371.000000
161,sobel_openmp,2048,0.00965,0.06947,0.21674,539888680.000000,613900197.000000
162,sobel_openmp,2048,0.00949,0.07276,0.20886,535662851.000000,613645250.000000
163,sobel_openmp,2048,0.00802,0.05606,0.28088,543221823.000000,613733400.000000
164,sobel_openmp,2048,0.00792,0.05777,0.30383,532040924.000000,612084505.000000
165,sobel_openmp,2048,0.00813,0.05731,0.30267,543421462.000000,613175756.000000
166,sobel_openmp,2048,0.00793,0.05933,0.2721,538305415.000000,612845601.000000
167,sobel_openmp,2048,0.00798,0.06124,0.27802,530907949.000000,612179427.000000
168,sobel_openmp,2048,0.0079,0.05511,0.28412,541730266.000000,613638626.000000
169,sobel_openmp,2048,0.00802,0.05618,0.28424,534153008.000000,612838539.000000
170,sobel_openmp,2048,0.00798,0.05508,0.2832,544410121.000000,613414914.000000
171,sobel_openmp,2048,0.00797,0.0593,0.27222,538292103.000000,613447662.000000
172,sobel_openmp,2048,0.00795,0.05988,0.27496,540313979.000000,613290786.000000
173,sobel_openmp,2048,0.008,0.05981,0.27203,538597297.000000,613554157.000000
174,sobel_openmp,2048,0.00794,0.05561,0.28247,537107003.000000,612898988.000000
175,sobel_openmp,2048,0.008,0.0608,0.27771,539370530.000000,613231466.000000
176,sobel_openmp,2048,0.00788,0.05509,0.28314,536691281.000000,612259648.000000
177,sobel_openmp,2048,0.00798,0.05679,0.28412,534893420.000000,612811221.000000
178,sobel_openmp,2048,0.00787,0.06134,0.28143,543812015.000000,612214791.000000
179,sobel_openmp,2048,0.00791,0.05895,0.27161,535729882.000000,612791903.000000
180,sobel_openmp,4096,0.03054,0.24003,1.14312,2137393763.000000,2440120405.000000
181,sobel_openmp,4096,0.03077,0.23787,1.16894,2150462476.000000,2441642612.000000
182,sobel_openmp,4096,0.03049,0.23896,1.14105,2129319198.000000,2440249661.000000
183,sobel_openmp,4096,0.03069,0.23726,1.1665,2143009035.000000,2442319036.000000
184,sobel_openmp,4096,0.03369,0.26125,1.15558,2202030042.000000,2444105688.000000
185,sobel_openmp,4096,0.03069,0.23886,1.15973,2143309970.000000,2440777500.000000
186,sobel_openmp,4096,0.03029,0.23561,1.16998,2116825136.000000,2440327602.000000
187,sobel_openmp,4096,0.03046,0.23927,1.13226,2115285902.000000,2440405958.000000
188,sobel_openmp,4096,0.03057,0.23617,1.1604,2117138493.000000,2439039698.000000
189,sobel_openmp,4096,0.03055,0.24207,1.16412,2131131748.000000,2440602715.000000
190,sobel_openmp,4096,0.03038,0.23706,1.16638,2080958201.000000,2437195275.000000
191,sobel_openmp,4096,0.03082,0.24244,1.15484,2129332720.000000,2439358845.000000
192,sobel_openmp,4096,0.03061,0.23628,1.16516,2121293555.000000,2438834902.000000
193,sobel_openmp,4096,0.03054,0.23925,1.16906,2171918482.000000,2444768836.000000
194,sobel_openmp,4096,0.03045,0.23973,1.14148,2155608348.000000,2441969598.000000
195,sobel_openmp,4096,0.03066,0.23933,1.17541,2121858912.000000,2439818331.000000
196,sobel_openmp,4096,0.03055,0.24246,1.16388,2122037472.000000,2436561383.000000
197,sobel_openmp,4096,0.03066,0.24193,1.15643,2169559519.000000,2445065524.000000
198,sobel_openmp,4096,0.03046,0.23503,1.15002,2129020926.000000,2440440328.000000
199,sobel_openmp,4096,0.04509,0.33123,1.51202,2434322970.000000,2457341539.000000
200,sobel_openmp,8192,0.14686,1.16439,3.49755,7777893975.000000,9731980774.000000
201,sobel_openmp,8192,0.12041,0.95892,4.67833,7779384583.000000,9730607947.000000
202,sobel_openmp,8192,0.14684,1.16478,3.48907,7760681210.000000,9734348947.000000
203,sobel_openmp,8192,0.13958,1.0445,5.17986,8059892533.000000,9747636579.000000
204,sobel_openmp,8192,0.14645,1.16326,3.49956,7759222020.000000,9728468782.000000
205,sobel_openmp,8192,0.14569,1.15467,3.46618,7751922519.000000,9728360086.000000
206,sobel_openmp,8192,0.12337,0.97345,4.76464,7849510959.000000,9735068397.000000
207,sobel_openmp,8192,0.12226,0.96714,4.71929,7787017420.000000,9726512017.000000
208,sobel_openmp,8192,0.14766,1.16976,3.5089,7787414097.000000,9730063333.000000
209,sobel_openmp,8192,0.12148,0.96354,4.71532,7798927117.000000,9726859444.000000
210,sobel_openmp,8192,0.14669,1.16352,3.48034,7764601018.000000,9731964462.000000
211,sobel_openmp,8192,0.12369,0.97548,4.74785,7852914445.000000,9737729319.000000
212,sobel_openmp,8192,0.14663,1.16466,3.48736,7771082634.000000,9731580311.000000
213,sobel_openmp,8192,0.12148,0.96046,4.71965,7789907406.000000,9724548367.000000
214,sobel_openmp,8192,0.14616,1.16457,3.47417,7777933911.000000,9734561646.000000
215,sobel_openmp,8192,0.12136,0.9636,4.68456,7803241636.000000,9730128900.000000
216,sobel_openmp,8192,0.13735,1.087,3.98937,7762403121.000000,9728312463.000000
217,sobel_openmp,8192,0.14668,1.16694,3.48064,7778506390.000000,9727970211.000000
218,sobel_openmp,8192,0.1232,0.97464,4.52105,7842310584.000000,9736995749.000000
219,sobel_openmp,8192,0.12027,0.95385,4.66143,7752999382.000000,9724056507.000000
220,sobel_openmp,16384,0.56347,4.48995,15.28426,30084872107.000000,38945742778.000000
221,sobel_openmp,16384,0.58756,4.68282,14.31332,30104758418.000000,38947701972.000000
222,sobel_openmp,16384,0.54541,4.34714,16.17482,30113512556.000000,38947908068.000000
223,sobel_openmp,16384,0.57437,4.57842,14.83547,30136482746.000000,38945792175.000000
224,sobel_openmp,16384,0.49868,3.97824,18.50709,30165263812.000000,38944072040.000000
225,sobel_openmp,16384,0.57948,4.62025,14.46212,30110687516.000000,38946742783.000000
226,sobel_openmp,16384,0.58793,4.68273,14.29891,30130361445.000000,38943317230.000000
227,sobel_openmp,16384,0.58416,4.64858,14.29305,30106148789.000000,38947247998.000000
228,sobel_openmp,16384,0.53683,4.28085,16.72042,30072442167.000000,38942933534.000000
229,sobel_openmp,16384,0.58739,4.67841,14.2684,30104979182.000000,38947839010.000000
230,sobel_openmp,16384,0.54158,4.3177,16.47384,30064462029.000000,38942781691.000000
231,sobel_openmp,16384,0.50324,4.01026,18.33949,30180070772.000000,38943154943.000000
232,sobel_openmp,16384,0.5852,4.66459,14.23196,30073473070.000000,38945651650.000000
233,sobel_openmp,16384,0.58772,4.68144,14.28866,30125142529.000000,38948243841.000000
234,sobel_openmp,16384,0.53946,4.2973,16.71682,30092475654.000000,38943701342.000000
235,sobel_openmp,16384,0.58482,4.66432,14.24337,30071175618.000000,38945255855.000000
236,sobel_openmp,16384,0.55876,4.45392,15.96023,30188520553.000000,38946244139.000000
237,sobel_openmp,16384,0.51255,4.0471,18.80574,30335232110.000000,38952033736.000000
238,sobel_openmp,16384,0.53289,4.20493,17.78005,30243249609.000000,38949239070.000000
239,sobel_openmp,16384,0.4991,3.96686,18.48707,30116912658.000000,38944723929.000000
240,sobel_simd,512,0.00088,0.00087,0.02295,22693591.000000,24978188.000000
241,sobel_simd,512,0.00072,0.00072,0.0108,21981147.000000,25034177.000000
242,sobel_simd,512,0.00073,0.00072,0.0,22265469.000000,24949475.000000
243,sobel_simd,512,0.00071,0.00071,0.00806,23211779.000000,25033545.000000
244,sobel_simd,512,0.00071,0.0007,0.00793,22154433.000000,25014269.000000
245,sobel_simd,512,0.00073,0.00072,0.0,22423758.000000,25015038.000000
246,sobel_simd,512,0.00072,0.00072,0.00794,21217851.000000,25036889.000000
247,sobel_simd,512,0.00073,0.00072,0.0,22723301.000000,25015937.000000
248,sobel_simd,512,0.00072,0.00071,0.00873,26175019.000000,25056606.000000
249,sobel_simd,512,0.00072,0.00071,0.00818,21182712.000000,25016106.000000
250,sobel_simd,512,0.00079,0.00078,0.00818,21693033.000000,25023037.000000
251,sobel_simd,512,0.00078,0.00077,0.008,21404309.000000,25014309.000000
252,sobel_simd,512,0.00071,0.00071,0.00848,21133022.000000,24981368.000000
253,sobel_simd,512,0.00075,0.00074,0.00854,22332422.000000,25116446.000000
254,sobel_simd,512,0.00073,0.00072,0.00861,23612960.000000,25055241.000000
255,sobel_simd,512,0.00072,0.00071,0.00879,21217401.000000,25007800.000000
256,sobel_simd,512,0.00072,0.00071,0.00726,22754369.000000,25057711.000000
257,sobel_simd,512,0.00072,0.00072,0.00873,22356285.000000,25003618.000000
258,sobel_simd,512,0.00073,0.00072,0.0,24518933.000000,25032102.000000
259,sobel_simd,512,0.00072,0.00071,0.00861,21189047.000000,24988824.000000
260,sobel_simd,1024,0.00314,0.00314,0.02679,78093588.000000,91004944.000000
261,sobel_simd,1024,0.00291,0.0029,0.02643,82700178.000000,90860290.000000
262,sobel_simd,1024,0.00289,0.00288,0.0238,75887761.000000,90824692.000000
263,sobel_simd,1024,0.00291,0.00291,0.02466,77650945.000000,90843739.000000
264,sobel_simd,1024,0.00291,0.00291,0.02692,76148802.000000,90876441.000000
265,sobel_simd,1024,0.0029,0.00289,0.02655,78049849.000000,90861699.000000
266,sobel_simd,1024,0.0029,0.0029,0.03095,78338114.000000,90866357.000000
267,sobel_simd,1024,0.00303,0.00303,0.02649,76419057.000000,90922240.000000
268,sobel_simd,1024,0.00291,0.0029,0.03168,75897041.000000,90873433.000000
269,sobel_simd,1024,0.00287,0.00287,0.02417,75967404.000000,90924565.000000
270,sobel_simd,1024,0.00312,0.0031,0.02625,76824658.000000,91149094.000000
271,sobel_simd,1024,0.00296,0.00295,0.02863,76125634.000000,90885679.000000
272,sobel_simd,1024,0.00307,0.00306,0.02533,77469255.000000,91163871.000000
273,sobel_simd,1024,0.00292,0.00291,0.03101,79784229.000000,90857326.000000
274,sobel_simd,1024,0.00293,0.00293,0.04077,76263803.000000,90871309.000000
275,sobel_simd,1024,0.0029,0.0029,0.03339,76118725.000000,90988838.000000
276,sobel_simd,1024,0.00293,0.00292,0.02496,76029739.000000,90902849.000000
277,sobel_simd,1024,0.00291,0.00291,0.03503,76055149.000000,90890378.000000
278,sobel_simd,1024,0.00293,0.00292,0.02533,78237083.000000,90862886.000000
279,sobel_simd,1024,0.00294,0.00293,0.02747,77699961.000000,90911176.000000
280,sobel_simd,2048,0.01224,0.01223,0.1012,300618149.000000,354793894.000000
281,sobel_simd,2048,0.01203,0.01203,0.09918,302265509.000000,354368064.000000
282,sobel_simd,2048,0.01235,0.01235,0.10583,304696962.000000,354641112.000000
283,sobel_simd,2048,0.01228,0.01227,0.11029,298728766.000000,354635162.000000
284,sobel_simd,2048,0.01174,0.01173,0.09943,299115838.000000,353533027.000000
285,sobel_simd,2048,0.01157,0.01156,0.10242,316183193.000000,353569958.000000
286,sobel_simd,2048,0.00938,0.00938,0.17059,296465458.000000,353368154.000000
287,sobel_simd,2048,0.00926,0.00926,0.1676,301921419.000000,354220185.000000
288,sobel_simd,2048,0.00898,0.00898,0.15082,297192433.000000,353350918.000000
289,sobel_simd,2048,0.00915,0.00912,0.16626,305896304.000000,353426683.000000
290,sobel_simd,2048,0.00917,0.00916,0.1546,297740149.000000,353339620.000000
291,sobel_simd,2048,0.00897,0.00896,0.15558,299981980.000000,355913424.000000
292,sobel_simd,2048,0.00901,0.009,0.16668,298610595.000000,353373822.000000
293,sobel_simd,2048,0.0092,0.0092,0.17078,300652380.000000,354502902.000000
294,sobel_simd,2048,0.00878,0.00877,0.15247,296336821.000000,353338397.000000
295,sobel_simd,2048,0.00919,0.00919,0.15283,298204765.000000,353468853.000000
296,sobel_simd,2048,0.00903,0.00903,0.15485,299090506.000000,353365378.000000
297,sobel_simd,2048,0.00887,0.00887,0.15613,299200052.000000,353430039.000000
298,sobel_simd,2048,0.00886,0.00885,0.15692,299600277.000000,353400384.000000
299,sobel_simd,2048,0.00902,0.00902,0.15234,296459112.000000,353348162.000000
300,sobel_simd,4096,0.03706,0.03703,0.65173,1187496040.000000,1405617191.000000
301,sobel_simd,4096,0.04036,0.04035,0.82196,1185781291.000000,1405579872.000000
302,sobel_simd,4096,0.03735,0.03731,0.66424,1177552262.000000,1403834190.000000
303,sobel_simd,4096,0.0365,0.03647,0.6427,1183915725.000000,1405563472.000000
304,sobel_simd,4096,0.03631,0.0363,0.66138,1173843345.000000,1402110920.000000
305,sobel_simd,4096,0.04686,0.04684,0.41583,1174614723.000000,1402383174.000000
306,sobel_simd,4096,0.04706,0.04706,0.40045,1174208107.000000,1402861638.000000
307,sobel_simd,4096,0.04628,0.04627,0.40185,1186084422.000000,1403002200.000000
308,sobel_simd,4096,0.04825,0.04824,0.40649,1178551521.000000,1405987715.000000
309,sobel_simd,4096,0.04713,0.04711,0.40301,1177574275.000000,1402908852.000000
310,sobel_simd,4096,0.04893,0.04891,0.41455,1183482437.000000,1407001061.000000
311,sobel_simd,4096,0.04713,0.0471,0.40777,1174080954.000000,1402800929.000000
312,sobel_simd,4096,0.03514,0.03513,0.61206,1177602688.000000,1402477494.000000
313,sobel_simd,4096,0.04708,0.04707,0.41339,1173351364.000000,1403485368.000000
314,sobel_simd,4096,0.0473,0.04727,0.4129,1184949057.000000,1411330313.000000
315,sobel_simd,4096,0.0466,0.04659,0.38782,1172203729.000000,1403909672.000000
316,sobel_simd,4096,0.04692,0.0469,0.40027,1174813399.000000,1403317859.000000
317,sobel_simd,4096,0.04715,0.04713,0.40637,1174047336.000000,1404428773.000000
318,sobel_simd,4096,0.04711,0.04711,0.39325,1173404193.000000,1403413928.000000
319,sobel_simd,4096,0.03563,0.03562,0.61255,1181285074.000000,1403193658.000000
320,sobel_simd,8192,0.1462,0.14612,2.56451,4740371061.000000,5629017804.000000
321,sobel_simd,8192,0.19064,0.19059,1.64514,4718629744.000000,5630127856.000000
322,sobel_simd,8192,0.19584,0.19581,1.67382,4742568248.000000,5628822587.000000
323,sobel_simd,8192,0.1454,0.14536,2.56719,4740443290.000000,5632330979.000000
324,sobel_simd,8192,0.19019,0.19002,1.62048,4721488719.000000,5635240050.000000
325,sobel_simd,8192,0.19354,0.1935,1.78625,4711489007.000000,5629508417.000000
326,sobel_simd,8192,0.14541,0.14539,2.58001,4730530551.000000,5632662327.000000
327,sobel_simd,8192,0.19271,0.19268,1.64239,4726563757.000000,5625820333.000000
328,sobel_simd,8192,0.19154,0.1915,1.63794,4702556252.000000,5630121244.000000
329,sobel_simd,8192,0.18928,0.18922,1.6098,4723730148.000000,5637296744.000000
330,sobel_simd,8192,0.19109,0.19106,1.63464,4713014075.000000,5624900282.000000
331,sobel_simd,8192,0.18961,0.18955,1.64666,4717859042.000000,5630245457.000000
332,sobel_simd,8192,0.18954,0.18949,1.61627,4717199652.000000,5637135014.000000
333,sobel_simd,8192,0.16463,0.16459,2.30175,4731310393.000000,5626608617.000000
334,sobel_simd,8192,0.19071,0.19069,1.6112,4733744839.000000,5636039288.000000
335,sobel_simd,8192,0.15223,0.15218,2.64355,4762318269.000000,5627817677.000000
336,sobel_simd,8192,0.14719,0.14713,2.57635,4741733554.000000,5626762588.000000
337,sobel_simd,8192,0.14922,0.1492,2.59307,5148930265.000000,5628363306.000000
338,sobel_simd,8192,0.18955,0.18951,1.6109,4711263454.000000,5634047887.000000
339,sobel_simd,8192,0.19143,0.19132,1.63073,4723916656.000000,5630257619.000000
340,sobel_simd,16384,0.7843,0.78412,6.84868,18883994231.000000,22673835132.000000
341,sobel_simd,16384,0.67492,0.67461,8.8408,18868549129.000000,22608016308.000000
342,sobel_simd,16384,0.59601,0.5959,10.55106,18889152450.000000,22620288159.000000
343,sobel_simd,16384,0.58235,0.58222,10.38388,19043618786.000000,22576155400.000000
344,sobel_simd,16384,0.76351,0.76336,6.56419,18855068576.000000,22574201132.000000
345,sobel_simd,16384,0.58983,0.58972,10.3751,18932325187.000000,22591324830.000000
346,sobel_simd,16384,0.68039,0.67927,8.43644,18844012641.000000,22569967093.000000
347,sobel_simd,16384,0.57771,0.57759,10.08841,18906248739.000000,22572930667.000000
348,sobel_simd,16384,0.58423,0.58408,10.30893,18906461562.000000,22571174724.000000
349,sobel_simd,16384,0.76963,0.76953,6.59233,18893458912.000000,22573606045.000000
350,sobel_simd,16384,0.76507,0.76488,6.52263,18829569824.000000,22564081344.000000
351,sobel_simd,16384,0.58217,0.58205,10.30008,18917220390.000000,22570072766.000000
352,sobel_simd,16384,0.75322,0.75285,6.7426,18875574254.000000,22575220553.000000
353,sobel_simd,16384,0.73302,0.73274,7.01347,18848039946.000000,22571408104.000000
354,sobel_simd,16384,0.58108,0.58089,10.2222,18901121961.000000,22593935362.000000
355,sobel_simd,16384,0.58457,0.5843,10.2919,18900371014.000000,22561214724.000000
356,sobel_simd,16384,0.58319,0.58302,10.26835,18893366068.000000,22575608148.000000
357,sobel_simd,16384,0.66651,0.66639,8.58335,18828629991.000000,22582058589.000000
358,sobel_simd,16384,0.58009,0.57971,10.13144,18904599401.000000,22593136932.000000
359,sobel_simd,16384,0.66403,0.6639,8.49101,18830836419.000000,22563521509.000000
360,sobel_simd_openmp,512,0.00059,0.00059,0.01532,37536885.000000,26632612.000000
361,sobel_simd_openmp,512,0.00052,0.00052,0.00964,35018069.000000,26650412.000000
362,sobel_simd_openmp,512,0.00051,0.00051,0.00946,34525583.000000,26690196.000000
363,sobel_simd_openmp,512,0.00054,0.00068,0.00092,37790652.000000,26650369.000000
364,sobel_simd_openmp,512,0.00052,0.00201,0.00745,34483210.000000,26634369.000000
365,sobel_simd_openmp,512,0.00052,0.00051,0.00946,35481580.000000,26679128.000000
366,sobel_simd_openmp,512,0.00053,0.0029,0.0083,35986896.000000,26668481.000000
367,sobel_simd_openmp,512,0.00052,0.00052,0.00995,34306682.000000,26594722.000000
368,sobel_simd_openmp,512,0.00053,0.00052,0.01147,36486100.000000,26597890.000000
369,sobel_simd_openmp,512,0.00052,0.00052,0.00812,34939677.000000,26574059.000000
370,sobel_simd_openmp,512,0.00051,0.00051,0.00769,39219109.000000,26668816.000000
371,sobel_simd_openmp,512,0.00052,0.00051,0.01099,34333878.000000,26569743.000000
372,sobel_simd_openmp,512,0.00052,0.00051,0.00793,40393501.000000,26666685.000000
373,sobel_simd_openmp,512,0.00052,0.00052,0.00971,34220509.000000,26493179.000000
374,sobel_simd_openmp,512,0.00052,0.00051,0.00775,36274486.000000,26757167.000000
375,sobel_simd_openmp,512,0.00053,0.00052,0.01025,37723854.000000,26684521.000000
376,sobel_simd_openmp,512,0.00053,0.00101,0.0,39016186.000000,26631586.000000
377,sobel_simd_openmp,512,0.00052,0.00141,0.0,34584781.000000,26619719.000000
378,sobel_simd_openmp,512,0.00054,0.00115,0.0,34554609.000000,26516029.000000
379,sobel_simd_openmp,512,0.00054,0.00064,0.00085,35742783.000000,26606940.000000
380,sobel_simd_openmp,1024,0.00107,0.00446,0.01038,108061219.000000,93213270.000000
381,sobel_simd_openmp,1024,0.00106,0.00275,0.02411,107566926.000000,93185785.000000
382,sobel_simd_openmp,1024,0.00103,0.00542,0.00848,106291451.000000,93229811.000000
383,sobel_simd_openmp,1024,0.00102,0.00105,0.01184,106305840.000000,93014568.000000
384,sobel_simd_openmp,1024,0.00102,0.00523,0.00763,105898383.000000,93116187.000000
385,sobel_simd_openmp,1024,0.00102,0.00101,0.01032,106066867.000000,93239516.000000
386,sobel_simd_openmp,1024,0.00101,0.00132,0.01416,105913800.000000,93276545.000000
387,sobel_simd_openmp,1024,0.00104,0.00398,0.02722,105799783.000000,93160777.000000
388,sobel_simd_openmp,1024,0.00102,0.00198,0.02368,105558781.000000,93198899.000000
389,sobel_simd_openmp,1024,0.00101,0.00237,0.01605,107182971.000000,92917728.000000
390,sobel_simd_openmp,1024,0.001,0.001,0.0108,108369552.000000,93241438.000000
391,sobel_simd_openmp,1024,0.00101,0.00553,0.00885,105749348.000000,93091736.000000
392,sobel_simd_openmp,1024,0.00106,0.00476,0.0097,106536221.000000,93217761.000000
393,sobel_simd_openmp,1024,0.00101,0.00436,0.00958,108254274.000000,93402889.000000
394,sobel_simd_openmp,1024,0.00564,0.03582,0.09546,202126444.000000,97927038.000000
395,sobel_simd_openmp,1024,0.00101,0.00664,0.01062,112241390.000000,93492176.000000
396,sobel_simd_openmp,1024,0.00104,0.00284,0.02417,106605939.000000,93075970.000000
397,sobel_simd_openmp,1024,0.00793,0.05168,0.13434,245269624.000000,99738958.000000
398,sobel_simd_openmp,1024,0.00103,0.00643,0.00946,104952947.000000,93107074.000000
399,sobel_simd_openmp,1024,0.00101,0.00375,0.00995,104471091.000000,93126764.000000
400,sobel_simd_openmp,2048,0.00284,0.01616,0.06738,389145570.000000,358605611.000000
401,sobel_simd_openmp,2048,0.00283,0.02077,0.05817,384040922.000000,359431400.000000
402,sobel_simd_openmp,2048,0.0073,0.0492,0.12823,474683407.000000,362391550.000000
403,sobel_simd_openmp,2048,0.00301,0.01747,0.0694,395338473.000000,358919630.000000
404,sobel_simd_openmp,2048,0.00285,0.01862,0.05524,395391139.000000,359030229.000000
405,sobel_simd_openmp,2048,0.00293,0.01606,0.06653,382890105.000000,358471650.000000
406,sobel_simd_openmp,2048,0.00289,0.02081,0.05975,390728002.000000,358049643.000000
407,sobel_simd_openmp,2048,0.00287,0.01686,0.07819,387043955.000000,358391876.000000
408,sobel_simd_openmp,2048,0.00291,0.01551,0.06354,392817785.000000,358750264.000000
409,sobel_simd_openmp,2048,0.00301,0.01935,0.08075,390842973.000000,358908982.000000
410,sobel_simd_openmp,2048,0.00251,0.01541,0.10053,396766843.000000,358391683.000000
411,sobel_simd_openmp,2048,0.00254,0.01564,0.10565,401272136.000000,358092230.000000
412,sobel_simd_openmp,2048,0.00249,0.01774,0.07019,393413076.000000,358229081.000000
413,sobel_simd_openmp,2048,0.00256,0.01813,0.08362,386752788.000000,358218824.000000
414,sobel_simd_openmp,2048,0.00254,0.01828,0.07184,400427681.000000,359051800.000000
415,sobel_simd_openmp,2048,0.00254,0.01703,0.07977,395429355.000000,357784745.000000
416,sobel_simd_openmp,2048,0.00256,0.01812,0.08508,404271121.000000,358987576.000000
417,sobel_simd_openmp,2048,0.00258,0.01834,0.08795,392741170.000000,357915502.000000
418,sobel_simd_openmp,2048,0.00905,0.05872,0.27765,622742412.000000,368755223.000000
419,sobel_simd_openmp,2048,0.00256,0.01809,0.08606,390238320.000000,357838465.000000
420,sobel_simd_openmp,4096,0.00902,0.06605,0.38904,1560335051.000000,1422205297.000000
421,sobel_simd_openmp,4096,0.00902,0.06875,0.36206,1559116959.000000,1422275372.000000
422,sobel_simd_openmp,4096,0.00893,0.06394,0.3681,1506007960.000000,1418265731.000000
423,sobel_simd_openmp,4096,0.00926,0.07119,0.36969,1540327609.000000,1421854126.000000
424,sobel_simd_openmp,4096,0.009,0.06391,0.36749,1537560231.000000,1418514464.000000
425,sobel_simd_openmp,4096,0.00928,0.07008,0.39734,1542502666.000000,1419891855.000000
426,sobel_simd_openmp,4096,0.00902,0.06391,0.36768,1550286657.000000,1418691381.000000
427,sobel_simd_openmp,4096,0.00899,0.06606,0.3913,1539876513.000000,1419817332.000000
428,sobel_simd_openmp,4096,0.02313,0.1596,0.72705,1867465444.000000,1436546229.000000
429,sobel_simd_openmp,4096,0.01092,0.08159,0.27405,1539215354.000000,1420929940.000000
430,sobel_simd_openmp,4096,0.01055,0.08168,0.27118,1498230993.000000,1418929447.000000
431,sobel_simd_openmp,4096,0.02375,0.16387,0.48749,1753483444.000000,1431609728.000000
432,sobel_simd_openmp,4096,0.01046,0.07998,0.26257,1541632614.000000,1420907874.000000
433,sobel_simd_openmp,4096,0.01088,0.08318,0.2785,1526982976.000000,1419652164.000000
434,sobel_simd_openmp,4096,0.01038,0.07829,0.28009,1550542016.000000,1421389459.000000
435,sobel_simd_openmp,4096,0.00905,0.0672,0.39197,1567933412.000000,1421582451.000000
436,sobel_simd_openmp,4096,0.00902,0.06538,0.37134,1550917299.000000,1419614940.000000
437,sobel_simd_openmp,4096,0.00889,0.06577,0.37628,1557918201.000000,1418782666.000000
438,sobel_simd_openmp,4096,0.00899,0.06657,0.39038,1548978932.000000,1419186231.000000
439,sobel_simd_openmp,4096,0.00915,0.06894,0.40118,1549134364.000000,1419866665.000000
440,sobel_simd_openmp,8192,0.04106,0.32259,1.12658,5416044926.000000,5640237598.000000
441,sobel_simd_openmp,8192,0.04079,0.32302,1.10431,5412172419.000000,5645279480.000000
442,sobel_simd_openmp,8192,0.03519,0.27685,1.55529,5451918531.000000,5638670295.000000
443,sobel_simd_openmp,8192,0.04111,0.31955,1.12127,5421922664.000000,5647539919.000000
444,sobel_simd_openmp,8192,0.04131,0.32824,1.1101,5422432227.000000,5648808109.000000
445,sobel_simd_openmp,8192,0.0355,0.27871,1.54162,5477337437.000000,5640393304.000000
446,sobel_simd_openmp,8192,0.03555,0.28085,1.5523,5460238267.000000,5637845722.000000
447,sobel_simd_openmp,8192,0.03497,0.27747,1.51959,5463532330.000000,5646092603.000000
448,sobel_simd_openmp,8192,0.04135,0.32183,1.12939,5441140979.000000,5645468497.000000
449,sobel_simd_openmp,8192,0.04169,0.32511,1.12646,5427876432.000000,5649626966.000000
450,sobel_simd_openmp,8192,0.03487,0.27331,1.52752,5456141258.000000,5644859512.000000
451,sobel_simd_openmp,8192,0.04131,0.32662,1.13476,5428946512.000000,5646151677.000000
452,sobel_simd_openmp,8192,0.0352,0.27848,1.55499,5462256326.000000,5642383963.000000
453,sobel_simd_openmp,8192,0.0414,0.32565,1.13403,5424815515.000000,5644780532.000000
454,sobel_simd_openmp,8192,0.03611,0.27752,1.55682,5469376420.000000,5640941133.000000
455,sobel_simd_openmp,8192,0.04174,0.32655,1.13421,5434950227.000000,5639290195.000000
456,sobel_simd_openmp,8192,0.04117,0.32084,1.11303,5430313211.000000,5652792887.000000
457,sobel_simd_openmp,8192,0.03564,0.28062,1.53985,5487288795.000000,5649781953.000000
458,sobel_simd_openmp,8192,0.03546,0.27856,1.54736,5467227007.000000,5640430476.000000
459,sobel_simd_openmp,8192,0.04129,0.32497,1.12512,5429070282.000000,5644271410.000000
460,sobel_simd_openmp,16384,0.14124,1.12168,6.38206,20848620918.000000,22587768022.000000
461,sobel_simd_openmp,16384,0.15785,1.25329,5.16899,20783534148.000000,22590949260.000000
462,sobel_simd_openmp,16384,0.16934,1.33709,4.68578,20790744652.000000,22591177679.000000
463,sobel_simd_openmp,16384,0.14096,1.11637,6.35679,20853023778.000000,22586897198.000000
464,sobel_simd_openmp,16384,0.14003,1.11328,6.30571,20864997299.000000,22584760309.000000
465,sobel_simd_openmp,16384,0.16444,1.3049,4.6115,20703049891.000000,22592692840.000000
466,sobel_simd_openmp,16384,0.15199,1.19975,5.94218,20833356289.000000,22590628143.000000
467,sobel_simd_openmp,16384,0.16414,1.307,4.59569,20682269447.000000,22588057947.000000
468,sobel_simd_openmp,16384,0.14013,1.1136,6.3441,20850911291.000000,22587469643.000000
469,sobel_simd_openmp,16384,0.14147,1.12383,6.2932,20894766153.000000,22591247688.000000
470,sobel_simd_openmp,16384,0.14077,1.11574,6.37242,20836206155.000000,22587399273.000000
471,sobel_simd_openmp,16384,0.14004,1.10999,6.31834,20828570769.000000,22584537203.000000
472,sobel_simd_openmp,16384,0.16652,1.3223,4.65294,20692495544.000000,22590622040.000000
473,sobel_simd_openmp,16384,0.16423,1.30474,4.59441,20700861515.000000,22585745290.000000
474,sobel_simd_openmp,16384,0.16495,1.30451,4.61626,20664790155.000000,22590950034.000000
475,sobel_simd_openmp,16384,0.14064,1.11395,6.37236,20831009885.000000,22586008154.000000
476,sobel_simd_openmp,16384,0.15785,1.17504,6.81743,21005899794.000000,22597455386.000000
477,sobel_simd_openmp,16384,0.16016,1.26726,4.84514,20705901263.000000,22592997845.000000
478,sobel_simd_openmp,16384,0.16618,1.3226,4.62547,20728805504.000000,22588292534.000000
479,sobel_simd_openmp,16384,0.16515,1.31067,4.62273,20677786643.000000,22584881504.000000
